"y","x","xstr"
"1",1,0,0
"2",1,0,0
"3",1,0,0
"4",1,0,0
"5",1,0,0
"6",1,0,0
"7",1,0,0
"8",1,0,0
"9",1,0,0
"10",1,0,0
"11",1,0,0
"12",1,0,0
"13",1,0,0
"14",1,0,1
"15",1,0,1
"16",1,0,1
"17",1,1,0
"18",1,1,0
"19",1,1,0
"20",1,1,0
"21",1,1,0
"22",1,1,1
"23",1,1,1
"24",1,1,1
"25",1,1,1
"26",1,1,1
"27",1,1,1
"28",1,1,1
"29",1,1,1
"30",1,1,1
"31",1,1,1
"32",1,1,1
"33",1,1,1
"34",1,1,1
"35",1,1,1
"36",1,1,1
"37",1,1,1
"38",1,1,1
"39",1,1,1
"40",0,0,0
"41",0,0,0
"42",0,0,0
"43",0,0,0
"44",0,0,0
"45",0,0,0
"46",0,0,0
"47",0,0,0
"48",0,0,0
"49",0,0,0
"50",0,0,0
"51",0,0,0
"52",0,0,0
"53",0,0,0
"54",0,0,0
"55",0,0,0
"56",0,0,0
"57",0,0,0
"58",0,0,0
"59",0,0,0
"60",0,0,0
"61",0,0,0
"62",0,0,0
"63",0,0,0
"64",0,0,0
"65",0,0,0
"66",0,0,0
"67",0,0,0
"68",0,0,0
"69",0,0,0
"70",0,0,0
"71",0,0,0
"72",0,0,0
"73",0,0,1
"74",0,0,1
"75",0,0,1
"76",0,0,1
"77",0,0,1
"78",0,0,1
"79",0,0,1
"80",0,0,1
"81",0,0,1
"82",0,0,1
"83",0,0,1
"84",0,1,0
"85",0,1,0
"86",0,1,0
"87",0,1,0
"88",0,1,0
"89",0,1,0
"90",0,1,0
"91",0,1,0
"92",0,1,0
"93",0,1,0
"94",0,1,0
"95",0,1,0
"96",0,1,0
"97",0,1,0
"98",0,1,0
"99",0,1,0
"100",0,1,1
"101",0,1,1
"102",0,1,1
"103",0,1,1
"104",0,1,1
"105",0,1,1
"106",0,1,1
"107",0,1,1
"108",0,1,1
"109",0,1,1
"110",0,1,1
"111",0,1,1
"112",0,1,1
"113",0,1,1
"114",0,1,1
"115",0,1,1
"116",1,NA,0
"117",1,NA,0
"118",1,NA,0
"119",1,NA,0
"120",1,NA,0
"121",1,NA,0
"122",1,NA,0
"123",1,NA,0
"124",1,NA,0
"125",1,NA,0
"126",1,NA,0
"127",1,NA,0
"128",1,NA,0
"129",1,NA,0
"130",1,NA,0
"131",1,NA,0
"132",1,NA,0
"133",1,NA,0
"134",1,NA,0
"135",1,NA,0
"136",1,NA,0
"137",1,NA,0
"138",1,NA,0
"139",1,NA,0
"140",1,NA,0
"141",1,NA,0
"142",1,NA,0
"143",1,NA,0
"144",1,NA,0
"145",1,NA,0
"146",1,NA,0
"147",1,NA,0
"148",1,NA,0
"149",1,NA,0
"150",1,NA,0
"151",1,NA,0
"152",1,NA,0
"153",1,NA,0
"154",1,NA,0
"155",1,NA,0
"156",1,NA,0
"157",1,NA,0
"158",1,NA,0
"159",1,NA,0
"160",1,NA,0
"161",1,NA,0
"162",1,NA,0
"163",1,NA,0
"164",1,NA,0
"165",1,NA,0
"166",1,NA,0
"167",1,NA,0
"168",1,NA,0
"169",1,NA,0
"170",1,NA,0
"171",1,NA,0
"172",1,NA,0
"173",1,NA,0
"174",1,NA,0
"175",1,NA,0
"176",1,NA,0
"177",1,NA,0
"178",1,NA,0
"179",1,NA,0
"180",1,NA,0
"181",1,NA,0
"182",1,NA,0
"183",1,NA,0
"184",1,NA,0
"185",1,NA,0
"186",1,NA,0
"187",1,NA,0
"188",1,NA,0
"189",1,NA,0
"190",1,NA,0
"191",1,NA,0
"192",1,NA,0
"193",1,NA,0
"194",1,NA,0
"195",1,NA,0
"196",1,NA,0
"197",1,NA,0
"198",1,NA,0
"199",1,NA,0
"200",1,NA,0
"201",1,NA,0
"202",1,NA,0
"203",1,NA,0
"204",1,NA,0
"205",1,NA,0
"206",1,NA,0
"207",1,NA,0
"208",1,NA,0
"209",1,NA,0
"210",1,NA,0
"211",1,NA,0
"212",1,NA,0
"213",1,NA,0
"214",1,NA,0
"215",1,NA,0
"216",1,NA,0
"217",1,NA,0
"218",1,NA,0
"219",1,NA,0
"220",1,NA,0
"221",1,NA,0
"222",1,NA,0
"223",1,NA,0
"224",1,NA,0
"225",1,NA,0
"226",1,NA,0
"227",1,NA,0
"228",1,NA,0
"229",1,NA,0
"230",1,NA,0
"231",1,NA,0
"232",1,NA,0
"233",1,NA,0
"234",1,NA,0
"235",1,NA,0
"236",1,NA,0
"237",1,NA,0
"238",1,NA,0
"239",1,NA,0
"240",1,NA,0
"241",1,NA,0
"242",1,NA,0
"243",1,NA,0
"244",1,NA,0
"245",1,NA,0
"246",1,NA,0
"247",1,NA,0
"248",1,NA,0
"249",1,NA,0
"250",1,NA,0
"251",1,NA,0
"252",1,NA,0
"253",1,NA,0
"254",1,NA,0
"255",1,NA,0
"256",1,NA,0
"257",1,NA,0
"258",1,NA,0
"259",1,NA,0
"260",1,NA,0
"261",1,NA,0
"262",1,NA,0
"263",1,NA,0
"264",1,NA,0
"265",1,NA,0
"266",1,NA,0
"267",1,NA,0
"268",1,NA,0
"269",1,NA,0
"270",1,NA,0
"271",1,NA,0
"272",1,NA,0
"273",1,NA,0
"274",1,NA,0
"275",1,NA,0
"276",1,NA,0
"277",1,NA,0
"278",1,NA,0
"279",1,NA,0
"280",1,NA,0
"281",1,NA,0
"282",1,NA,0
"283",1,NA,0
"284",1,NA,0
"285",1,NA,0
"286",1,NA,0
"287",1,NA,0
"288",1,NA,0
"289",1,NA,0
"290",1,NA,0
"291",1,NA,0
"292",1,NA,0
"293",1,NA,0
"294",1,NA,0
"295",1,NA,0
"296",1,NA,0
"297",1,NA,0
"298",1,NA,0
"299",1,NA,0
"300",1,NA,0
"301",1,NA,0
"302",1,NA,0
"303",1,NA,0
"304",1,NA,0
"305",1,NA,0
"306",1,NA,0
"307",1,NA,0
"308",1,NA,0
"309",1,NA,0
"310",1,NA,0
"311",1,NA,0
"312",1,NA,0
"313",1,NA,0
"314",1,NA,0
"315",1,NA,0
"316",1,NA,0
"317",1,NA,0
"318",1,NA,0
"319",1,NA,0
"320",1,NA,0
"321",1,NA,0
"322",1,NA,0
"323",1,NA,0
"324",1,NA,0
"325",1,NA,0
"326",1,NA,0
"327",1,NA,0
"328",1,NA,0
"329",1,NA,0
"330",1,NA,0
"331",1,NA,0
"332",1,NA,0
"333",1,NA,0
"334",1,NA,0
"335",1,NA,0
"336",1,NA,0
"337",1,NA,0
"338",1,NA,0
"339",1,NA,0
"340",1,NA,0
"341",1,NA,0
"342",1,NA,0
"343",1,NA,0
"344",1,NA,0
"345",1,NA,0
"346",1,NA,0
"347",1,NA,0
"348",1,NA,0
"349",1,NA,0
"350",1,NA,0
"351",1,NA,0
"352",1,NA,0
"353",1,NA,0
"354",1,NA,0
"355",1,NA,0
"356",1,NA,0
"357",1,NA,0
"358",1,NA,0
"359",1,NA,0
"360",1,NA,0
"361",1,NA,0
"362",1,NA,0
"363",1,NA,0
"364",1,NA,0
"365",1,NA,0
"366",1,NA,0
"367",1,NA,0
"368",1,NA,0
"369",1,NA,0
"370",1,NA,0
"371",1,NA,0
"372",1,NA,0
"373",1,NA,0
"374",1,NA,0
"375",1,NA,0
"376",1,NA,0
"377",1,NA,0
"378",1,NA,0
"379",1,NA,0
"380",1,NA,0
"381",1,NA,0
"382",1,NA,0
"383",1,NA,0
"384",1,NA,0
"385",1,NA,0
"386",1,NA,0
"387",1,NA,0
"388",1,NA,0
"389",1,NA,0
"390",1,NA,0
"391",1,NA,0
"392",1,NA,0
"393",1,NA,0
"394",1,NA,0
"395",1,NA,0
"396",1,NA,0
"397",1,NA,0
"398",1,NA,0
"399",1,NA,0
"400",1,NA,0
"401",1,NA,0
"402",1,NA,0
"403",1,NA,0
"404",1,NA,0
"405",1,NA,0
"406",1,NA,0
"407",1,NA,0
"408",1,NA,0
"409",1,NA,0
"410",1,NA,0
"411",1,NA,0
"412",1,NA,0
"413",1,NA,0
"414",1,NA,0
"415",1,NA,0
"416",1,NA,0
"417",1,NA,0
"418",1,NA,0
"419",1,NA,0
"420",1,NA,0
"421",1,NA,0
"422",1,NA,0
"423",1,NA,0
"424",1,NA,0
"425",1,NA,0
"426",1,NA,0
"427",1,NA,0
"428",1,NA,0
"429",1,NA,0
"430",1,NA,0
"431",1,NA,0
"432",1,NA,0
"433",1,NA,0
"434",1,NA,1
"435",1,NA,1
"436",1,NA,1
"437",1,NA,1
"438",1,NA,1
"439",1,NA,1
"440",1,NA,1
"441",1,NA,1
"442",1,NA,1
"443",1,NA,1
"444",1,NA,1
"445",1,NA,1
"446",1,NA,1
"447",1,NA,1
"448",1,NA,1
"449",1,NA,1
"450",1,NA,1
"451",1,NA,1
"452",1,NA,1
"453",1,NA,1
"454",1,NA,1
"455",1,NA,1
"456",1,NA,1
"457",1,NA,1
"458",1,NA,1
"459",1,NA,1
"460",1,NA,1
"461",1,NA,1
"462",1,NA,1
"463",1,NA,1
"464",1,NA,1
"465",1,NA,1
"466",1,NA,1
"467",1,NA,1
"468",1,NA,1
"469",1,NA,1
"470",1,NA,1
"471",1,NA,1
"472",1,NA,1
"473",1,NA,1
"474",1,NA,1
"475",1,NA,1
"476",1,NA,1
"477",1,NA,1
"478",1,NA,1
"479",1,NA,1
"480",1,NA,1
"481",1,NA,1
"482",1,NA,1
"483",1,NA,1
"484",1,NA,1
"485",1,NA,1
"486",1,NA,1
"487",1,NA,1
"488",1,NA,1
"489",1,NA,1
"490",1,NA,1
"491",1,NA,1
"492",1,NA,1
"493",1,NA,1
"494",1,NA,1
"495",1,NA,1
"496",1,NA,1
"497",1,NA,1
"498",1,NA,1
"499",1,NA,1
"500",1,NA,1
"501",1,NA,1
"502",1,NA,1
"503",1,NA,1
"504",1,NA,1
"505",1,NA,1
"506",1,NA,1
"507",1,NA,1
"508",1,NA,1
"509",1,NA,1
"510",1,NA,1
"511",1,NA,1
"512",1,NA,1
"513",1,NA,1
"514",1,NA,1
"515",1,NA,1
"516",1,NA,1
"517",1,NA,1
"518",1,NA,1
"519",1,NA,1
"520",1,NA,1
"521",1,NA,1
"522",1,NA,1
"523",1,NA,1
"524",1,NA,1
"525",1,NA,1
"526",1,NA,1
"527",1,NA,1
"528",1,NA,1
"529",1,NA,1
"530",1,NA,1
"531",1,NA,1
"532",1,NA,1
"533",1,NA,1
"534",1,NA,1
"535",1,NA,1
"536",1,NA,1
"537",1,NA,1
"538",1,NA,1
"539",1,NA,1
"540",1,NA,1
"541",1,NA,1
"542",1,NA,1
"543",1,NA,1
"544",1,NA,1
"545",1,NA,1
"546",1,NA,1
"547",1,NA,1
"548",1,NA,1
"549",1,NA,1
"550",1,NA,1
"551",1,NA,1
"552",1,NA,1
"553",1,NA,1
"554",1,NA,1
"555",1,NA,1
"556",1,NA,1
"557",1,NA,1
"558",1,NA,1
"559",1,NA,1
"560",1,NA,1
"561",1,NA,1
"562",1,NA,1
"563",1,NA,1
"564",1,NA,1
"565",1,NA,1
"566",1,NA,1
"567",1,NA,1
"568",1,NA,1
"569",1,NA,1
"570",1,NA,1
"571",1,NA,1
"572",1,NA,1
"573",1,NA,1
"574",1,NA,1
"575",1,NA,1
"576",1,NA,1
"577",1,NA,1
"578",1,NA,1
"579",1,NA,1
"580",1,NA,1
"581",1,NA,1
"582",1,NA,1
"583",1,NA,1
"584",1,NA,1
"585",1,NA,1
"586",1,NA,1
"587",1,NA,1
"588",1,NA,1
"589",1,NA,1
"590",1,NA,1
"591",1,NA,1
"592",1,NA,1
"593",1,NA,1
"594",1,NA,1
"595",1,NA,1
"596",1,NA,1
"597",1,NA,1
"598",1,NA,1
"599",1,NA,1
"600",1,NA,1
"601",1,NA,1
"602",1,NA,1
"603",1,NA,1
"604",1,NA,1
"605",1,NA,1
"606",1,NA,1
"607",1,NA,1
"608",1,NA,1
"609",1,NA,1
"610",1,NA,1
"611",1,NA,1
"612",1,NA,1
"613",1,NA,1
"614",1,NA,1
"615",1,NA,1
"616",1,NA,1
"617",1,NA,1
"618",1,NA,1
"619",1,NA,1
"620",1,NA,1
"621",1,NA,1
"622",1,NA,1
"623",1,NA,1
"624",1,NA,1
"625",1,NA,1
"626",1,NA,1
"627",1,NA,1
"628",1,NA,1
"629",1,NA,1
"630",1,NA,1
"631",1,NA,1
"632",1,NA,1
"633",1,NA,1
"634",1,NA,1
"635",1,NA,1
"636",1,NA,1
"637",1,NA,1
"638",1,NA,1
"639",1,NA,1
"640",1,NA,1
"641",1,NA,1
"642",1,NA,1
"643",1,NA,1
"644",1,NA,1
"645",1,NA,1
"646",1,NA,1
"647",1,NA,1
"648",1,NA,1
"649",1,NA,1
"650",1,NA,1
"651",1,NA,1
"652",1,NA,1
"653",1,NA,1
"654",1,NA,1
"655",1,NA,1
"656",1,NA,1
"657",1,NA,1
"658",1,NA,1
"659",1,NA,1
"660",1,NA,1
"661",1,NA,1
"662",1,NA,1
"663",1,NA,1
"664",1,NA,1
"665",1,NA,1
"666",1,NA,1
"667",1,NA,1
"668",1,NA,1
"669",1,NA,1
"670",1,NA,1
"671",1,NA,1
"672",1,NA,1
"673",1,NA,1
"674",1,NA,1
"675",1,NA,1
"676",1,NA,1
"677",1,NA,1
"678",1,NA,1
"679",1,NA,1
"680",1,NA,1
"681",1,NA,1
"682",1,NA,1
"683",1,NA,1
"684",1,NA,1
"685",1,NA,1
"686",1,NA,1
"687",1,NA,1
"688",1,NA,1
"689",1,NA,1
"690",1,NA,1
"691",1,NA,1
"692",1,NA,1
"693",1,NA,1
"694",1,NA,1
"695",1,NA,1
"696",1,NA,1
"697",1,NA,1
"698",1,NA,1
"699",1,NA,1
"700",1,NA,1
"701",1,NA,1
"702",1,NA,1
"703",1,NA,1
"704",1,NA,1
"705",1,NA,1
"706",1,NA,1
"707",1,NA,1
"708",1,NA,1
"709",1,NA,1
"710",1,NA,1
"711",1,NA,1
"712",1,NA,1
"713",1,NA,1
"714",1,NA,1
"715",1,NA,1
"716",1,NA,1
"717",1,NA,1
"718",1,NA,1
"719",1,NA,1
"720",1,NA,1
"721",1,NA,1
"722",1,NA,1
"723",1,NA,1
"724",1,NA,1
"725",1,NA,1
"726",1,NA,1
"727",1,NA,1
"728",1,NA,1
"729",1,NA,1
"730",1,NA,1
"731",1,NA,1
"732",1,NA,1
"733",1,NA,1
"734",1,NA,1
"735",1,NA,1
"736",1,NA,1
"737",1,NA,1
"738",1,NA,1
"739",1,NA,1
"740",1,NA,1
"741",1,NA,1
"742",1,NA,1
"743",1,NA,1
"744",1,NA,1
"745",1,NA,1
"746",1,NA,1
"747",1,NA,1
"748",1,NA,1
"749",1,NA,1
"750",1,NA,1
"751",1,NA,1
"752",1,NA,1
"753",1,NA,1
"754",1,NA,1
"755",1,NA,1
"756",1,NA,1
"757",1,NA,1
"758",1,NA,1
"759",1,NA,1
"760",1,NA,1
"761",1,NA,1
"762",1,NA,1
"763",1,NA,1
"764",1,NA,1
"765",1,NA,1
"766",1,NA,1
"767",1,NA,1
"768",1,NA,1
"769",1,NA,1
"770",1,NA,1
"771",1,NA,1
"772",1,NA,1
"773",1,NA,1
"774",1,NA,1
"775",1,NA,1
"776",1,NA,1
"777",1,NA,1
"778",1,NA,1
"779",1,NA,1
"780",1,NA,1
"781",1,NA,1
"782",1,NA,1
"783",1,NA,1
"784",1,NA,1
"785",1,NA,1
"786",1,NA,1
"787",1,NA,1
"788",1,NA,1
"789",1,NA,1
"790",1,NA,1
"791",1,NA,1
"792",1,NA,1
"793",1,NA,1
"794",1,NA,1
"795",1,NA,1
"796",1,NA,1
"797",1,NA,1
"798",1,NA,1
"799",1,NA,1
"800",1,NA,1
"801",1,NA,1
"802",1,NA,1
"803",1,NA,1
"804",1,NA,1
"805",1,NA,1
"806",1,NA,1
"807",1,NA,1
"808",1,NA,1
"809",0,NA,0
"810",0,NA,0
"811",0,NA,0
"812",0,NA,0
"813",0,NA,0
"814",0,NA,0
"815",0,NA,0
"816",0,NA,0
"817",0,NA,0
"818",0,NA,0
"819",0,NA,0
"820",0,NA,0
"821",0,NA,0
"822",0,NA,0
"823",0,NA,0
"824",0,NA,0
"825",0,NA,0
"826",0,NA,0
"827",0,NA,0
"828",0,NA,0
"829",0,NA,0
"830",0,NA,0
"831",0,NA,0
"832",0,NA,0
"833",0,NA,0
"834",0,NA,0
"835",0,NA,0
"836",0,NA,0
"837",0,NA,0
"838",0,NA,0
"839",0,NA,0
"840",0,NA,0
"841",0,NA,0
"842",0,NA,0
"843",0,NA,0
"844",0,NA,0
"845",0,NA,0
"846",0,NA,0
"847",0,NA,0
"848",0,NA,0
"849",0,NA,0
"850",0,NA,0
"851",0,NA,0
"852",0,NA,0
"853",0,NA,0
"854",0,NA,0
"855",0,NA,0
"856",0,NA,0
"857",0,NA,0
"858",0,NA,0
"859",0,NA,0
"860",0,NA,0
"861",0,NA,0
"862",0,NA,0
"863",0,NA,0
"864",0,NA,0
"865",0,NA,0
"866",0,NA,0
"867",0,NA,0
"868",0,NA,0
"869",0,NA,0
"870",0,NA,0
"871",0,NA,0
"872",0,NA,0
"873",0,NA,0
"874",0,NA,0
"875",0,NA,0
"876",0,NA,0
"877",0,NA,0
"878",0,NA,0
"879",0,NA,0
"880",0,NA,0
"881",0,NA,0
"882",0,NA,0
"883",0,NA,0
"884",0,NA,0
"885",0,NA,0
"886",0,NA,0
"887",0,NA,0
"888",0,NA,0
"889",0,NA,0
"890",0,NA,0
"891",0,NA,0
"892",0,NA,0
"893",0,NA,0
"894",0,NA,0
"895",0,NA,0
"896",0,NA,0
"897",0,NA,0
"898",0,NA,0
"899",0,NA,0
"900",0,NA,0
"901",0,NA,0
"902",0,NA,0
"903",0,NA,0
"904",0,NA,0
"905",0,NA,0
"906",0,NA,0
"907",0,NA,0
"908",0,NA,0
"909",0,NA,0
"910",0,NA,0
"911",0,NA,0
"912",0,NA,0
"913",0,NA,0
"914",0,NA,0
"915",0,NA,0
"916",0,NA,0
"917",0,NA,0
"918",0,NA,0
"919",0,NA,0
"920",0,NA,0
"921",0,NA,0
"922",0,NA,0
"923",0,NA,0
"924",0,NA,0
"925",0,NA,0
"926",0,NA,0
"927",0,NA,0
"928",0,NA,0
"929",0,NA,0
"930",0,NA,0
"931",0,NA,0
"932",0,NA,0
"933",0,NA,0
"934",0,NA,0
"935",0,NA,0
"936",0,NA,0
"937",0,NA,0
"938",0,NA,0
"939",0,NA,0
"940",0,NA,0
"941",0,NA,0
"942",0,NA,0
"943",0,NA,0
"944",0,NA,0
"945",0,NA,0
"946",0,NA,0
"947",0,NA,0
"948",0,NA,0
"949",0,NA,0
"950",0,NA,0
"951",0,NA,0
"952",0,NA,0
"953",0,NA,0
"954",0,NA,0
"955",0,NA,0
"956",0,NA,0
"957",0,NA,0
"958",0,NA,0
"959",0,NA,0
"960",0,NA,0
"961",0,NA,0
"962",0,NA,0
"963",0,NA,0
"964",0,NA,0
"965",0,NA,0
"966",0,NA,0
"967",0,NA,0
"968",0,NA,0
"969",0,NA,0
"970",0,NA,0
"971",0,NA,0
"972",0,NA,0
"973",0,NA,0
"974",0,NA,0
"975",0,NA,0
"976",0,NA,0
"977",0,NA,0
"978",0,NA,0
"979",0,NA,0
"980",0,NA,0
"981",0,NA,0
"982",0,NA,0
"983",0,NA,0
"984",0,NA,0
"985",0,NA,0
"986",0,NA,0
"987",0,NA,0
"988",0,NA,0
"989",0,NA,0
"990",0,NA,0
"991",0,NA,0
"992",0,NA,0
"993",0,NA,0
"994",0,NA,0
"995",0,NA,0
"996",0,NA,0
"997",0,NA,0
"998",0,NA,0
"999",0,NA,0
"1000",0,NA,0
"1001",0,NA,0
"1002",0,NA,0
"1003",0,NA,0
"1004",0,NA,0
"1005",0,NA,0
"1006",0,NA,0
"1007",0,NA,0
"1008",0,NA,0
"1009",0,NA,0
"1010",0,NA,0
"1011",0,NA,0
"1012",0,NA,0
"1013",0,NA,0
"1014",0,NA,0
"1015",0,NA,0
"1016",0,NA,0
"1017",0,NA,0
"1018",0,NA,0
"1019",0,NA,0
"1020",0,NA,0
"1021",0,NA,0
"1022",0,NA,0
"1023",0,NA,0
"1024",0,NA,0
"1025",0,NA,0
"1026",0,NA,0
"1027",0,NA,0
"1028",0,NA,0
"1029",0,NA,0
"1030",0,NA,0
"1031",0,NA,0
"1032",0,NA,0
"1033",0,NA,0
"1034",0,NA,0
"1035",0,NA,0
"1036",0,NA,0
"1037",0,NA,0
"1038",0,NA,0
"1039",0,NA,0
"1040",0,NA,0
"1041",0,NA,0
"1042",0,NA,0
"1043",0,NA,0
"1044",0,NA,0
"1045",0,NA,0
"1046",0,NA,0
"1047",0,NA,0
"1048",0,NA,0
"1049",0,NA,0
"1050",0,NA,0
"1051",0,NA,0
"1052",0,NA,0
"1053",0,NA,0
"1054",0,NA,0
"1055",0,NA,0
"1056",0,NA,0
"1057",0,NA,0
"1058",0,NA,0
"1059",0,NA,0
"1060",0,NA,0
"1061",0,NA,0
"1062",0,NA,0
"1063",0,NA,0
"1064",0,NA,0
"1065",0,NA,0
"1066",0,NA,0
"1067",0,NA,0
"1068",0,NA,0
"1069",0,NA,0
"1070",0,NA,0
"1071",0,NA,0
"1072",0,NA,0
"1073",0,NA,0
"1074",0,NA,0
"1075",0,NA,0
"1076",0,NA,0
"1077",0,NA,0
"1078",0,NA,0
"1079",0,NA,0
"1080",0,NA,0
"1081",0,NA,0
"1082",0,NA,0
"1083",0,NA,0
"1084",0,NA,0
"1085",0,NA,0
"1086",0,NA,0
"1087",0,NA,0
"1088",0,NA,0
"1089",0,NA,0
"1090",0,NA,0
"1091",0,NA,0
"1092",0,NA,0
"1093",0,NA,0
"1094",0,NA,0
"1095",0,NA,0
"1096",0,NA,0
"1097",0,NA,0
"1098",0,NA,0
"1099",0,NA,0
"1100",0,NA,0
"1101",0,NA,0
"1102",0,NA,0
"1103",0,NA,0
"1104",0,NA,0
"1105",0,NA,0
"1106",0,NA,0
"1107",0,NA,0
"1108",0,NA,0
"1109",0,NA,0
"1110",0,NA,0
"1111",0,NA,0
"1112",0,NA,0
"1113",0,NA,0
"1114",0,NA,0
"1115",0,NA,0
"1116",0,NA,0
"1117",0,NA,0
"1118",0,NA,0
"1119",0,NA,0
"1120",0,NA,0
"1121",0,NA,0
"1122",0,NA,0
"1123",0,NA,0
"1124",0,NA,0
"1125",0,NA,0
"1126",0,NA,0
"1127",0,NA,0
"1128",0,NA,0
"1129",0,NA,0
"1130",0,NA,0
"1131",0,NA,0
"1132",0,NA,0
"1133",0,NA,0
"1134",0,NA,0
"1135",0,NA,0
"1136",0,NA,0
"1137",0,NA,0
"1138",0,NA,0
"1139",0,NA,0
"1140",0,NA,0
"1141",0,NA,0
"1142",0,NA,0
"1143",0,NA,0
"1144",0,NA,0
"1145",0,NA,0
"1146",0,NA,0
"1147",0,NA,0
"1148",0,NA,0
"1149",0,NA,0
"1150",0,NA,0
"1151",0,NA,0
"1152",0,NA,0
"1153",0,NA,0
"1154",0,NA,0
"1155",0,NA,0
"1156",0,NA,0
"1157",0,NA,0
"1158",0,NA,0
"1159",0,NA,0
"1160",0,NA,0
"1161",0,NA,0
"1162",0,NA,0
"1163",0,NA,0
"1164",0,NA,0
"1165",0,NA,0
"1166",0,NA,0
"1167",0,NA,0
"1168",0,NA,0
"1169",0,NA,0
"1170",0,NA,0
"1171",0,NA,0
"1172",0,NA,0
"1173",0,NA,0
"1174",0,NA,0
"1175",0,NA,0
"1176",0,NA,0
"1177",0,NA,0
"1178",0,NA,0
"1179",0,NA,0
"1180",0,NA,0
"1181",0,NA,0
"1182",0,NA,0
"1183",0,NA,0
"1184",0,NA,0
"1185",0,NA,0
"1186",0,NA,0
"1187",0,NA,0
"1188",0,NA,0
"1189",0,NA,0
"1190",0,NA,0
"1191",0,NA,0
"1192",0,NA,0
"1193",0,NA,0
"1194",0,NA,0
"1195",0,NA,0
"1196",0,NA,0
"1197",0,NA,0
"1198",0,NA,0
"1199",0,NA,0
"1200",0,NA,0
"1201",0,NA,0
"1202",0,NA,0
"1203",0,NA,0
"1204",0,NA,0
"1205",0,NA,0
"1206",0,NA,0
"1207",0,NA,0
"1208",0,NA,0
"1209",0,NA,0
"1210",0,NA,0
"1211",0,NA,0
"1212",0,NA,0
"1213",0,NA,0
"1214",0,NA,0
"1215",0,NA,0
"1216",0,NA,0
"1217",0,NA,0
"1218",0,NA,0
"1219",0,NA,0
"1220",0,NA,0
"1221",0,NA,0
"1222",0,NA,0
"1223",0,NA,0
"1224",0,NA,0
"1225",0,NA,0
"1226",0,NA,0
"1227",0,NA,0
"1228",0,NA,0
"1229",0,NA,0
"1230",0,NA,0
"1231",0,NA,0
"1232",0,NA,0
"1233",0,NA,0
"1234",0,NA,0
"1235",0,NA,0
"1236",0,NA,0
"1237",0,NA,0
"1238",0,NA,0
"1239",0,NA,0
"1240",0,NA,0
"1241",0,NA,0
"1242",0,NA,0
"1243",0,NA,0
"1244",0,NA,0
"1245",0,NA,0
"1246",0,NA,0
"1247",0,NA,0
"1248",0,NA,0
"1249",0,NA,0
"1250",0,NA,0
"1251",0,NA,0
"1252",0,NA,0
"1253",0,NA,0
"1254",0,NA,0
"1255",0,NA,0
"1256",0,NA,0
"1257",0,NA,0
"1258",0,NA,0
"1259",0,NA,0
"1260",0,NA,0
"1261",0,NA,0
"1262",0,NA,0
"1263",0,NA,0
"1264",0,NA,0
"1265",0,NA,0
"1266",0,NA,0
"1267",0,NA,0
"1268",0,NA,0
"1269",0,NA,0
"1270",0,NA,0
"1271",0,NA,0
"1272",0,NA,0
"1273",0,NA,0
"1274",0,NA,0
"1275",0,NA,0
"1276",0,NA,0
"1277",0,NA,0
"1278",0,NA,0
"1279",0,NA,0
"1280",0,NA,0
"1281",0,NA,0
"1282",0,NA,0
"1283",0,NA,0
"1284",0,NA,0
"1285",0,NA,0
"1286",0,NA,0
"1287",0,NA,0
"1288",0,NA,0
"1289",0,NA,0
"1290",0,NA,0
"1291",0,NA,0
"1292",0,NA,0
"1293",0,NA,0
"1294",0,NA,0
"1295",0,NA,0
"1296",0,NA,0
"1297",0,NA,0
"1298",0,NA,0
"1299",0,NA,0
"1300",0,NA,0
"1301",0,NA,0
"1302",0,NA,0
"1303",0,NA,0
"1304",0,NA,0
"1305",0,NA,0
"1306",0,NA,0
"1307",0,NA,0
"1308",0,NA,0
"1309",0,NA,0
"1310",0,NA,0
"1311",0,NA,0
"1312",0,NA,0
"1313",0,NA,0
"1314",0,NA,0
"1315",0,NA,0
"1316",0,NA,0
"1317",0,NA,0
"1318",0,NA,0
"1319",0,NA,0
"1320",0,NA,0
"1321",0,NA,0
"1322",0,NA,0
"1323",0,NA,0
"1324",0,NA,0
"1325",0,NA,0
"1326",0,NA,0
"1327",0,NA,0
"1328",0,NA,0
"1329",0,NA,0
"1330",0,NA,0
"1331",0,NA,0
"1332",0,NA,0
"1333",0,NA,0
"1334",0,NA,0
"1335",0,NA,0
"1336",0,NA,0
"1337",0,NA,0
"1338",0,NA,0
"1339",0,NA,0
"1340",0,NA,0
"1341",0,NA,0
"1342",0,NA,0
"1343",0,NA,0
"1344",0,NA,0
"1345",0,NA,0
"1346",0,NA,0
"1347",0,NA,0
"1348",0,NA,0
"1349",0,NA,0
"1350",0,NA,0
"1351",0,NA,0
"1352",0,NA,0
"1353",0,NA,0
"1354",0,NA,0
"1355",0,NA,0
"1356",0,NA,0
"1357",0,NA,0
"1358",0,NA,0
"1359",0,NA,0
"1360",0,NA,0
"1361",0,NA,0
"1362",0,NA,0
"1363",0,NA,0
"1364",0,NA,0
"1365",0,NA,0
"1366",0,NA,0
"1367",0,NA,0
"1368",0,NA,0
"1369",0,NA,0
"1370",0,NA,0
"1371",0,NA,0
"1372",0,NA,0
"1373",0,NA,0
"1374",0,NA,0
"1375",0,NA,0
"1376",0,NA,0
"1377",0,NA,0
"1378",0,NA,0
"1379",0,NA,0
"1380",0,NA,0
"1381",0,NA,0
"1382",0,NA,0
"1383",0,NA,0
"1384",0,NA,0
"1385",0,NA,0
"1386",0,NA,0
"1387",0,NA,0
"1388",0,NA,0
"1389",0,NA,0
"1390",0,NA,0
"1391",0,NA,0
"1392",0,NA,0
"1393",0,NA,0
"1394",0,NA,0
"1395",0,NA,0
"1396",0,NA,0
"1397",0,NA,0
"1398",0,NA,0
"1399",0,NA,0
"1400",0,NA,0
"1401",0,NA,0
"1402",0,NA,0
"1403",0,NA,0
"1404",0,NA,0
"1405",0,NA,0
"1406",0,NA,0
"1407",0,NA,0
"1408",0,NA,0
"1409",0,NA,0
"1410",0,NA,0
"1411",0,NA,0
"1412",0,NA,0
"1413",0,NA,0
"1414",0,NA,0
"1415",0,NA,0
"1416",0,NA,0
"1417",0,NA,0
"1418",0,NA,0
"1419",0,NA,0
"1420",0,NA,0
"1421",0,NA,0
"1422",0,NA,0
"1423",0,NA,0
"1424",0,NA,0
"1425",0,NA,0
"1426",0,NA,0
"1427",0,NA,0
"1428",0,NA,0
"1429",0,NA,0
"1430",0,NA,0
"1431",0,NA,0
"1432",0,NA,0
"1433",0,NA,0
"1434",0,NA,0
"1435",0,NA,0
"1436",0,NA,0
"1437",0,NA,0
"1438",0,NA,0
"1439",0,NA,0
"1440",0,NA,0
"1441",0,NA,0
"1442",0,NA,0
"1443",0,NA,0
"1444",0,NA,0
"1445",0,NA,0
"1446",0,NA,0
"1447",0,NA,0
"1448",0,NA,0
"1449",0,NA,0
"1450",0,NA,0
"1451",0,NA,0
"1452",0,NA,0
"1453",0,NA,0
"1454",0,NA,0
"1455",0,NA,0
"1456",0,NA,0
"1457",0,NA,0
"1458",0,NA,0
"1459",0,NA,0
"1460",0,NA,0
"1461",0,NA,0
"1462",0,NA,0
"1463",0,NA,0
"1464",0,NA,0
"1465",0,NA,0
"1466",0,NA,0
"1467",0,NA,0
"1468",0,NA,0
"1469",0,NA,0
"1470",0,NA,0
"1471",0,NA,0
"1472",0,NA,0
"1473",0,NA,0
"1474",0,NA,0
"1475",0,NA,0
"1476",0,NA,0
"1477",0,NA,0
"1478",0,NA,0
"1479",0,NA,0
"1480",0,NA,0
"1481",0,NA,0
"1482",0,NA,0
"1483",0,NA,0
"1484",0,NA,0
"1485",0,NA,0
"1486",0,NA,0
"1487",0,NA,0
"1488",0,NA,0
"1489",0,NA,0
"1490",0,NA,0
"1491",0,NA,0
"1492",0,NA,0
"1493",0,NA,0
"1494",0,NA,0
"1495",0,NA,0
"1496",0,NA,0
"1497",0,NA,0
"1498",0,NA,0
"1499",0,NA,0
"1500",0,NA,0
"1501",0,NA,0
"1502",0,NA,0
"1503",0,NA,0
"1504",0,NA,0
"1505",0,NA,0
"1506",0,NA,0
"1507",0,NA,0
"1508",0,NA,0
"1509",0,NA,0
"1510",0,NA,1
"1511",0,NA,1
"1512",0,NA,1
"1513",0,NA,1
"1514",0,NA,1
"1515",0,NA,1
"1516",0,NA,1
"1517",0,NA,1
"1518",0,NA,1
"1519",0,NA,1
"1520",0,NA,1
"1521",0,NA,1
"1522",0,NA,1
"1523",0,NA,1
"1524",0,NA,1
"1525",0,NA,1
"1526",0,NA,1
"1527",0,NA,1
"1528",0,NA,1
"1529",0,NA,1
"1530",0,NA,1
"1531",0,NA,1
"1532",0,NA,1
"1533",0,NA,1
"1534",0,NA,1
"1535",0,NA,1
"1536",0,NA,1
"1537",0,NA,1
"1538",0,NA,1
"1539",0,NA,1
"1540",0,NA,1
"1541",0,NA,1
"1542",0,NA,1
"1543",0,NA,1
"1544",0,NA,1
"1545",0,NA,1
"1546",0,NA,1
"1547",0,NA,1
"1548",0,NA,1
"1549",0,NA,1
"1550",0,NA,1
"1551",0,NA,1
"1552",0,NA,1
"1553",0,NA,1
"1554",0,NA,1
"1555",0,NA,1
"1556",0,NA,1
"1557",0,NA,1
"1558",0,NA,1
"1559",0,NA,1
"1560",0,NA,1
"1561",0,NA,1
"1562",0,NA,1
"1563",0,NA,1
"1564",0,NA,1
"1565",0,NA,1
"1566",0,NA,1
"1567",0,NA,1
"1568",0,NA,1
"1569",0,NA,1
"1570",0,NA,1
"1571",0,NA,1
"1572",0,NA,1
"1573",0,NA,1
"1574",0,NA,1
"1575",0,NA,1
"1576",0,NA,1
"1577",0,NA,1
"1578",0,NA,1
"1579",0,NA,1
"1580",0,NA,1
"1581",0,NA,1
"1582",0,NA,1
"1583",0,NA,1
"1584",0,NA,1
"1585",0,NA,1
"1586",0,NA,1
"1587",0,NA,1
"1588",0,NA,1
"1589",0,NA,1
"1590",0,NA,1
"1591",0,NA,1
"1592",0,NA,1
"1593",0,NA,1
"1594",0,NA,1
"1595",0,NA,1
"1596",0,NA,1
"1597",0,NA,1
"1598",0,NA,1
"1599",0,NA,1
"1600",0,NA,1
"1601",0,NA,1
"1602",0,NA,1
"1603",0,NA,1
"1604",0,NA,1
"1605",0,NA,1
"1606",0,NA,1
"1607",0,NA,1
"1608",0,NA,1
"1609",0,NA,1
"1610",0,NA,1
"1611",0,NA,1
"1612",0,NA,1
"1613",0,NA,1
"1614",0,NA,1
"1615",0,NA,1
"1616",0,NA,1
"1617",0,NA,1
"1618",0,NA,1
"1619",0,NA,1
"1620",0,NA,1
"1621",0,NA,1
"1622",0,NA,1
"1623",0,NA,1
"1624",0,NA,1
"1625",0,NA,1
"1626",0,NA,1
"1627",0,NA,1
"1628",0,NA,1
"1629",0,NA,1
"1630",0,NA,1
"1631",0,NA,1
"1632",0,NA,1
"1633",0,NA,1
"1634",0,NA,1
"1635",0,NA,1
"1636",0,NA,1
"1637",0,NA,1
"1638",0,NA,1
"1639",0,NA,1
"1640",0,NA,1
"1641",0,NA,1
"1642",0,NA,1
"1643",0,NA,1
"1644",0,NA,1
"1645",0,NA,1
"1646",0,NA,1
"1647",0,NA,1
"1648",0,NA,1
"1649",0,NA,1
"1650",0,NA,1
"1651",0,NA,1
"1652",0,NA,1
"1653",0,NA,1
"1654",0,NA,1
"1655",0,NA,1
"1656",0,NA,1
"1657",0,NA,1
"1658",0,NA,1
"1659",0,NA,1
"1660",0,NA,1
"1661",0,NA,1
"1662",0,NA,1
"1663",0,NA,1
"1664",0,NA,1
"1665",0,NA,1
"1666",0,NA,1
"1667",0,NA,1
"1668",0,NA,1
"1669",0,NA,1
"1670",0,NA,1
"1671",0,NA,1
"1672",0,NA,1
"1673",0,NA,1
"1674",0,NA,1
"1675",0,NA,1
"1676",0,NA,1
"1677",0,NA,1
"1678",0,NA,1
"1679",0,NA,1
"1680",0,NA,1
"1681",0,NA,1
"1682",0,NA,1
"1683",0,NA,1
"1684",0,NA,1
"1685",0,NA,1
"1686",0,NA,1
"1687",0,NA,1
"1688",0,NA,1
"1689",0,NA,1
"1690",0,NA,1
"1691",0,NA,1
"1692",0,NA,1
"1693",0,NA,1
"1694",0,NA,1
"1695",0,NA,1
"1696",0,NA,1
"1697",0,NA,1
"1698",0,NA,1
"1699",0,NA,1
"1700",0,NA,1
"1701",0,NA,1
"1702",0,NA,1
"1703",0,NA,1
"1704",0,NA,1
"1705",0,NA,1
"1706",0,NA,1
"1707",0,NA,1
"1708",0,NA,1
"1709",0,NA,1
"1710",0,NA,1
"1711",0,NA,1
"1712",0,NA,1
"1713",0,NA,1
"1714",0,NA,1
"1715",0,NA,1
"1716",0,NA,1
"1717",0,NA,1
"1718",0,NA,1
"1719",0,NA,1
"1720",0,NA,1
"1721",0,NA,1
"1722",0,NA,1
"1723",0,NA,1
"1724",0,NA,1
"1725",0,NA,1
"1726",0,NA,1
"1727",0,NA,1
"1728",0,NA,1
"1729",0,NA,1
"1730",0,NA,1
"1731",0,NA,1
"1732",0,NA,1
"1733",0,NA,1
"1734",0,NA,1
"1735",0,NA,1
"1736",0,NA,1
"1737",0,NA,1
"1738",0,NA,1
"1739",0,NA,1
"1740",0,NA,1
"1741",0,NA,1
"1742",0,NA,1
"1743",0,NA,1
"1744",0,NA,1
"1745",0,NA,1
"1746",0,NA,1
"1747",0,NA,1
"1748",0,NA,1
"1749",0,NA,1
"1750",0,NA,1
"1751",0,NA,1
"1752",0,NA,1
"1753",0,NA,1
"1754",0,NA,1
"1755",0,NA,1
"1756",0,NA,1
"1757",0,NA,1
"1758",0,NA,1
"1759",0,NA,1
"1760",0,NA,1
"1761",0,NA,1
"1762",0,NA,1
"1763",0,NA,1
"1764",0,NA,1
"1765",0,NA,1
"1766",0,NA,1
"1767",0,NA,1
"1768",0,NA,1
"1769",0,NA,1
"1770",0,NA,1
"1771",0,NA,1
"1772",0,NA,1
"1773",0,NA,1
"1774",0,NA,1
"1775",0,NA,1
"1776",0,NA,1
"1777",0,NA,1
"1778",0,NA,1
"1779",0,NA,1
"1780",0,NA,1
"1781",0,NA,1
"1782",0,NA,1
"1783",0,NA,1
"1784",0,NA,1
"1785",0,NA,1
"1786",0,NA,1
"1787",0,NA,1
"1788",0,NA,1
"1789",0,NA,1
"1790",0,NA,1
"1791",0,NA,1
"1792",0,NA,1
"1793",0,NA,1
"1794",0,NA,1
"1795",0,NA,1
"1796",0,NA,1
"1797",0,NA,1
"1798",0,NA,1
"1799",0,NA,1
"1800",0,NA,1
"1801",0,NA,1
"1802",0,NA,1
"1803",0,NA,1
"1804",0,NA,1
"1805",0,NA,1
"1806",0,NA,1
"1807",0,NA,1
"1808",0,NA,1
"1809",0,NA,1
"1810",0,NA,1
"1811",0,NA,1
"1812",0,NA,1
"1813",0,NA,1
"1814",0,NA,1
"1815",0,NA,1
"1816",0,NA,1
"1817",0,NA,1
"1818",0,NA,1
"1819",0,NA,1
"1820",0,NA,1
"1821",0,NA,1
"1822",0,NA,1
"1823",0,NA,1
"1824",0,NA,1
"1825",0,NA,1
"1826",0,NA,1
"1827",0,NA,1
"1828",0,NA,1
"1829",0,NA,1
"1830",0,NA,1
"1831",0,NA,1
"1832",0,NA,1
"1833",0,NA,1
"1834",0,NA,1
"1835",0,NA,1
"1836",0,NA,1
"1837",0,NA,1
"1838",0,NA,1
"1839",0,NA,1
"1840",0,NA,1
"1841",0,NA,1
"1842",0,NA,1
"1843",0,NA,1
"1844",0,NA,1
"1845",0,NA,1
"1846",0,NA,1
"1847",0,NA,1
"1848",0,NA,1
"1849",0,NA,1
"1850",0,NA,1
"1851",0,NA,1
"1852",0,NA,1
"1853",0,NA,1
"1854",0,NA,1
"1855",0,NA,1
"1856",0,NA,1
"1857",0,NA,1
"1858",0,NA,1
"1859",0,NA,1
"1860",0,NA,1
"1861",0,NA,1
"1862",0,NA,1
"1863",0,NA,1
"1864",0,NA,1
"1865",0,NA,1
"1866",0,NA,1
"1867",0,NA,1
"1868",0,NA,1
"1869",0,NA,1
"1870",0,NA,1
"1871",0,NA,1
"1872",0,NA,1
"1873",0,NA,1
"1874",0,NA,1
"1875",0,NA,1
"1876",0,NA,1
"1877",0,NA,1
"1878",0,NA,1
"1879",0,NA,1
"1880",0,NA,1
"1881",0,NA,1
"1882",0,NA,1
"1883",0,NA,1
"1884",0,NA,1
"1885",0,NA,1
"1886",0,NA,1
"1887",0,NA,1
"1888",0,NA,1
"1889",0,NA,1
"1890",0,NA,1
"1891",0,NA,1
"1892",0,NA,1
"1893",0,NA,1
"1894",0,NA,1
"1895",0,NA,1
"1896",0,NA,1
"1897",0,NA,1
"1898",0,NA,1
"1899",0,NA,1
"1900",0,NA,1
"1901",0,NA,1
"1902",0,NA,1
"1903",0,NA,1
"1904",0,NA,1
"1905",0,NA,1
"1906",0,NA,1
"1907",0,NA,1
"1908",0,NA,1
"1909",0,NA,1
"1910",0,NA,1
"1911",0,NA,1
"1912",0,NA,1
"1913",0,NA,1
"1914",0,NA,1
"1915",0,NA,1
"1916",0,NA,1
"1917",0,NA,1
"1918",0,NA,1
"1919",0,NA,1
"1920",0,NA,1
"1921",0,NA,1
"1922",0,NA,1
"1923",0,NA,1
"1924",0,NA,1
"1925",0,NA,1
"1926",0,NA,1
"1927",0,NA,1
"1928",0,NA,1
"1929",0,NA,1
"1930",0,NA,1
"1931",0,NA,1
"1932",0,NA,1
"1933",0,NA,1
"1934",0,NA,1
"1935",0,NA,1
"1936",0,NA,1
"1937",0,NA,1
"1938",0,NA,1
"1939",0,NA,1
"1940",0,NA,1
"1941",0,NA,1
"1942",0,NA,1
"1943",0,NA,1
"1944",0,NA,1
"1945",0,NA,1
"1946",0,NA,1
"1947",0,NA,1
"1948",0,NA,1
"1949",0,NA,1
"1950",0,NA,1
"1951",0,NA,1
"1952",0,NA,1
"1953",0,NA,1
"1954",0,NA,1
"1955",0,NA,1
"1956",0,NA,1
"1957",0,NA,1
"1958",0,NA,1
"1959",0,NA,1
"1960",0,NA,1
"1961",0,NA,1
"1962",0,NA,1
"1963",0,NA,1
"1964",0,NA,1
"1965",0,NA,1
"1966",0,NA,1
"1967",0,NA,1
"1968",0,NA,1
"1969",0,NA,1
"1970",0,NA,1
"1971",0,NA,1
"1972",0,NA,1
"1973",0,NA,1
"1974",0,NA,1
"1975",0,NA,1
"1976",0,NA,1
"1977",0,NA,1
"1978",0,NA,1
"1979",0,NA,1
"1980",0,NA,1
"1981",0,NA,1
"1982",0,NA,1
"1983",0,NA,1
"1984",0,NA,1
"1985",0,NA,1
"1986",0,NA,1
"1987",0,NA,1
"1988",0,NA,1
"1989",0,NA,1
"1990",0,NA,1
"1991",0,NA,1
"1992",0,NA,1
"1993",0,NA,1
"1994",0,NA,1
"1995",0,NA,1
"1996",0,NA,1
"1997",0,NA,1
"1998",0,NA,1
"1999",0,NA,1
"2000",0,NA,1
"2001",0,NA,1
"2002",0,NA,1
"2003",0,NA,1
"2004",0,NA,1
"2005",0,NA,1
"2006",0,NA,1
"2007",0,NA,1
"2008",0,NA,1
"2009",0,NA,1
"2010",0,NA,1
"2011",0,NA,1
"2012",0,NA,1
"2013",0,NA,1
"2014",0,NA,1
"2015",0,NA,1
"2016",0,NA,1
"2017",0,NA,1
"2018",0,NA,1
"2019",0,NA,1
"2020",0,NA,1
"2021",0,NA,1
"2022",0,NA,1
"2023",0,NA,1
"2024",0,NA,1
"2025",0,NA,1
"2026",0,NA,1
"2027",0,NA,1
"2028",0,NA,1
"2029",0,NA,1
"2030",0,NA,1
"2031",0,NA,1
"2032",0,NA,1
"2033",0,NA,1
"2034",0,NA,1
"2035",0,NA,1
"2036",0,NA,1
"2037",0,NA,1
"2038",0,NA,1
"2039",0,NA,1
"2040",0,NA,1
"2041",0,NA,1
"2042",0,NA,1
"2043",0,NA,1
"2044",0,NA,1
